task,pedestal,threshold
1,1,4.6874
1,2,3.1655
1,3,0.20381
1,4,0.35869
2,1,-0.0015188
2,2,-0.0012927
2,3,0.11699
2,4,-0.0015188
