task,pedestal,threshold
1,1,-0.0010155
1,2,0.25014
1,3,0.34873
1,4,0.36114
2,1,0.020787
2,2,0.040851
2,3,0.10152
2,4,0.034117
