task,pedestal,pedVal
1,1,0.05
1,2,0.125
1,3,0.25
1,4,0.45
2,1,0.17377
2,2,0.2636
2,3,0.39985
2,4,0.60653
