task,pedestal,threshold
1,1,4.517
1,2,0.4051
1,3,0.40697
1,4,0.31526
2,1,0.80054
2,2,1.1626
2,3,0.10546
2,4,0.10332
