task,pedestal,threshold
1,1,0.13795
1,2,0.12
1,3,0.36348
1,4,0.50682
2,1,0.044309
2,2,0.073216
2,3,0.024157
2,4,0.28428
