task,pedestal,threshold
1,1,0.19299
1,2,29.599
1,3,-0.0049379
1,4,0.28156
2,1,0.10618
2,2,0.086424
2,3,10.297
2,4,0.10384
